Area_Name,Year,Group_Name,Sub_Group_Name,victims non adult,victims adult
Andaman & Nicobar Islands,2001,Murder - Female Victims,2. Female Victims,0,6
Andhra Pradesh,2001,Murder - Female Victims,2. Female Victims,96,511
Arunachal Pradesh,2001,Murder - Female Victims,2. Female Victims,0,16
Assam,2001,Murder - Female Victims,2. Female Victims,35,93
Bihar,2001,Murder - Female Victims,2. Female Victims,40,326
Chandigarh,2001,Murder - Female Victims,2. Female Victims,0,5
Chhattisgarh,2001,Murder - Female Victims,2. Female Victims,90,459
Delhi,2001,Murder - Female Victims,2. Female Victims,23,129
Goa,2001,Murder - Female Victims,2. Female Victims,0,13
Gujarat,2001,Murder - Female Victims,2. Female Victims,74,289
Haryana,2001,Murder - Female Victims,2. Female Victims,28,115
Himachal Pradesh,2001,Murder - Female Victims,2. Female Victims,3,36
Jammu & Kashmir,2001,Murder - Female Victims,2. Female Victims,42,145
Jharkhand,2001,Murder - Female Victims,2. Female Victims,39,252
Karnataka,2001,Murder - Female Victims,2. Female Victims,75,502
Kerala,2001,Murder - Female Victims,2. Female Victims,49,107
Lakshadweep,2001,Murder - Female Victims,2. Female Victims,2,0
Madhya Pradesh,2001,Murder - Female Victims,2. Female Victims,91,531
Maharashtra,2001,Murder - Female Victims,2. Female Victims,145,923
Manipur,2001,Murder - Female Victims,2. Female Victims,2,6
Meghalaya,2001,Murder - Female Victims,2. Female Victims,0,6
Mizoram,2001,Murder - Female Victims,2. Female Victims,0,12
Nagaland,2001,Murder - Female Victims,2. Female Victims,2,0
Odisha,2001,Murder - Female Victims,2. Female Victims,13,247
Puducherry,2001,Murder - Female Victims,2. Female Victims,1,9
Punjab,2001,Murder - Female Victims,2. Female Victims,25,178
Rajasthan,2001,Murder - Female Victims,2. Female Victims,27,221
Sikkim,2001,Murder - Female Victims,2. Female Victims,0,6
Tamil Nadu,2001,Murder - Female Victims,2. Female Victims,126,399
Tripura,2001,Murder - Female Victims,2. Female Victims,2,7
Uttar Pradesh,2001,Murder - Female Victims,2. Female Victims,178,1145
Uttarakhand,2001,Murder - Female Victims,2. Female Victims,5,105
West Bengal,2001,Murder - Female Victims,2. Female Victims,1,357
Andaman & Nicobar Islands,2002,Murder - Female Victims,2. Female Victims,1,6
Andhra Pradesh,2002,Murder - Female Victims,2. Female Victims,25,637
Arunachal Pradesh,2002,Murder - Female Victims,2. Female Victims,0,4
Assam,2002,Murder - Female Victims,2. Female Victims,0,111
Bihar,2002,Murder - Female Victims,2. Female Victims,5,392
Chandigarh,2002,Murder - Female Victims,2. Female Victims,1,8
Chhattisgarh,2002,Murder - Female Victims,2. Female Victims,9,219
Dadra & Nagar Haveli,2002,Murder - Female Victims,2. Female Victims,0,1
Daman & Diu,2002,Murder - Female Victims,2. Female Victims,0,2
Delhi,2002,Murder - Female Victims,2. Female Victims,11,119
Goa,2002,Murder - Female Victims,2. Female Victims,0,7
Gujarat,2002,Murder - Female Victims,2. Female Victims,93,501
Haryana,2002,Murder - Female Victims,2. Female Victims,6,150
Himachal Pradesh,2002,Murder - Female Victims,2. Female Victims,4,30
Jammu & Kashmir,2002,Murder - Female Victims,2. Female Victims,0,163
Jharkhand,2002,Murder - Female Victims,2. Female Victims,3,303
Karnataka,2002,Murder - Female Victims,2. Female Victims,10,585
Kerala,2002,Murder - Female Victims,2. Female Victims,51,104
Madhya Pradesh,2002,Murder - Female Victims,2. Female Victims,14,523
Maharashtra,2002,Murder - Female Victims,2. Female Victims,120,846
Manipur,2002,Murder - Female Victims,2. Female Victims,0,14
Meghalaya,2002,Murder - Female Victims,2. Female Victims,1,24
Mizoram,2002,Murder - Female Victims,2. Female Victims,0,9
Nagaland,2002,Murder - Female Victims,2. Female Victims,0,3
Odisha,2002,Murder - Female Victims,2. Female Victims,3,343
Puducherry,2002,Murder - Female Victims,2. Female Victims,1,10
Punjab,2002,Murder - Female Victims,2. Female Victims,5,136
Rajasthan,2002,Murder - Female Victims,2. Female Victims,12,249
Tamil Nadu,2002,Murder - Female Victims,2. Female Victims,28,490
Tripura,2002,Murder - Female Victims,2. Female Victims,0,12
Uttar Pradesh,2002,Murder - Female Victims,2. Female Victims,148,1305
Uttarakhand,2002,Murder - Female Victims,2. Female Victims,4,63
West Bengal,2002,Murder - Female Victims,2. Female Victims,3,269
Andaman & Nicobar Islands,2003,Murder - Female Victims,2. Female Victims,1,8
Andhra Pradesh,2003,Murder - Female Victims,2. Female Victims,28,709
Arunachal Pradesh,2003,Murder - Female Victims,2. Female Victims,0,0
Assam,2003,Murder - Female Victims,2. Female Victims,0,103
Bihar,2003,Murder - Female Victims,2. Female Victims,5,388
Chandigarh,2003,Murder - Female Victims,2. Female Victims,2,4
Chhattisgarh,2003,Murder - Female Victims,2. Female Victims,14,202
Dadra & Nagar Haveli,2003,Murder - Female Victims,2. Female Victims,0,3
Daman & Diu,2003,Murder - Female Victims,2. Female Victims,0,0
Delhi,2003,Murder - Female Victims,2. Female Victims,21,110
Goa,2003,Murder - Female Victims,2. Female Victims,0,14
Gujarat,2003,Murder - Female Victims,2. Female Victims,33,323
Haryana,2003,Murder - Female Victims,2. Female Victims,9,142
Himachal Pradesh,2003,Murder - Female Victims,2. Female Victims,1,33
Jammu & Kashmir,2003,Murder - Female Victims,2. Female Victims,0,102
Jharkhand,2003,Murder - Female Victims,2. Female Victims,4,392
Karnataka,2003,Murder - Female Victims,2. Female Victims,83,442
Kerala,2003,Murder - Female Victims,2. Female Victims,21,105
Madhya Pradesh,2003,Murder - Female Victims,2. Female Victims,59,395
Maharashtra,2003,Murder - Female Victims,2. Female Victims,119,877
Manipur,2003,Murder - Female Victims,2. Female Victims,1,10
Meghalaya,2003,Murder - Female Victims,2. Female Victims,2,8
Mizoram,2003,Murder - Female Victims,2. Female Victims,0,9
Nagaland,2003,Murder - Female Victims,2. Female Victims,0,6
Odisha,2003,Murder - Female Victims,2. Female Victims,6,327
Puducherry,2003,Murder - Female Victims,2. Female Victims,1,7
Punjab,2003,Murder - Female Victims,2. Female Victims,7,168
Rajasthan,2003,Murder - Female Victims,2. Female Victims,8,263
Sikkim,2003,Murder - Female Victims,2. Female Victims,1,5
Tamil Nadu,2003,Murder - Female Victims,2. Female Victims,39,504
Tripura,2003,Murder - Female Victims,2. Female Victims,0,23
Uttar Pradesh,2003,Murder - Female Victims,2. Female Victims,152,847
Uttarakhand,2003,Murder - Female Victims,2. Female Victims,2,60
West Bengal,2003,Murder - Female Victims,2. Female Victims,6,291
Andaman & Nicobar Islands,2004,Murder - Female Victims,2. Female Victims,0,5
Andhra Pradesh,2004,Murder - Female Victims,2. Female Victims,37,618
Arunachal Pradesh,2004,Murder - Female Victims,2. Female Victims,0,2
Assam,2004,Murder - Female Victims,2. Female Victims,0,84
Bihar,2004,Murder - Female Victims,2. Female Victims,6,419
Chandigarh,2004,Murder - Female Victims,2. Female Victims,2,6
Chhattisgarh,2004,Murder - Female Victims,2. Female Victims,17,252
Dadra & Nagar Haveli,2004,Murder - Female Victims,2. Female Victims,2,0
Daman & Diu,2004,Murder - Female Victims,2. Female Victims,0,1
Delhi,2004,Murder - Female Victims,2. Female Victims,28,97
Goa,2004,Murder - Female Victims,2. Female Victims,1,16
Gujarat,2004,Murder - Female Victims,2. Female Victims,61,279
Haryana,2004,Murder - Female Victims,2. Female Victims,2,157
Himachal Pradesh,2004,Murder - Female Victims,2. Female Victims,4,21
Jammu & Kashmir,2004,Murder - Female Victims,2. Female Victims,1,106
Jharkhand,2004,Murder - Female Victims,2. Female Victims,4,395
Karnataka,2004,Murder - Female Victims,2. Female Victims,25,536
Kerala,2004,Murder - Female Victims,2. Female Victims,24,113
Madhya Pradesh,2004,Murder - Female Victims,2. Female Victims,23,471
Maharashtra,2004,Murder - Female Victims,2. Female Victims,95,909
Manipur,2004,Murder - Female Victims,2. Female Victims,0,15
Meghalaya,2004,Murder - Female Victims,2. Female Victims,1,7
Mizoram,2004,Murder - Female Victims,2. Female Victims,0,4
Nagaland,2004,Murder - Female Victims,2. Female Victims,0,17
Odisha,2004,Murder - Female Victims,2. Female Victims,4,353
Puducherry,2004,Murder - Female Victims,2. Female Victims,0,3
Punjab,2004,Murder - Female Victims,2. Female Victims,19,175
Rajasthan,2004,Murder - Female Victims,2. Female Victims,8,279
Sikkim,2004,Murder - Female Victims,2. Female Victims,2,3
Tamil Nadu,2004,Murder - Female Victims,2. Female Victims,40,453
Tripura,2004,Murder - Female Victims,2. Female Victims,1,43
Uttar Pradesh,2004,Murder - Female Victims,2. Female Victims,251,1150
Uttarakhand,2004,Murder - Female Victims,2. Female Victims,2,45
West Bengal,2004,Murder - Female Victims,2. Female Victims,2,423
Andaman & Nicobar Islands,2005,Murder - Female Victims,2. Female Victims,0,4
Andhra Pradesh,2005,Murder - Female Victims,2. Female Victims,28,694
Arunachal Pradesh,2005,Murder - Female Victims,2. Female Victims,0,1
Assam,2005,Murder - Female Victims,2. Female Victims,0,65
Bihar,2005,Murder - Female Victims,2. Female Victims,14,428
Chandigarh,2005,Murder - Female Victims,2. Female Victims,1,2
Chhattisgarh,2005,Murder - Female Victims,2. Female Victims,15,308
Delhi,2005,Murder - Female Victims,2. Female Victims,13,145
Goa,2005,Murder - Female Victims,2. Female Victims,3,11
Gujarat,2005,Murder - Female Victims,2. Female Victims,39,307
Haryana,2005,Murder - Female Victims,2. Female Victims,8,135
Himachal Pradesh,2005,Murder - Female Victims,2. Female Victims,6,30
Jammu & Kashmir,2005,Murder - Female Victims,2. Female Victims,2,100
Jharkhand,2005,Murder - Female Victims,2. Female Victims,50,123
Karnataka,2005,Murder - Female Victims,2. Female Victims,22,563
Kerala,2005,Murder - Female Victims,2. Female Victims,43,104
Lakshadweep,2005,Murder - Female Victims,2. Female Victims,0,1
Madhya Pradesh,2005,Murder - Female Victims,2. Female Victims,45,483
Maharashtra,2005,Murder - Female Victims,2. Female Victims,113,867
Manipur,2005,Murder - Female Victims,2. Female Victims,3,16
Meghalaya,2005,Murder - Female Victims,2. Female Victims,5,14
Mizoram,2005,Murder - Female Victims,2. Female Victims,0,4
Nagaland,2005,Murder - Female Victims,2. Female Victims,0,17
Odisha,2005,Murder - Female Victims,2. Female Victims,6,320
Puducherry,2005,Murder - Female Victims,2. Female Victims,0,9
Punjab,2005,Murder - Female Victims,2. Female Victims,9,178
Rajasthan,2005,Murder - Female Victims,2. Female Victims,27,269
Sikkim,2005,Murder - Female Victims,2. Female Victims,0,4
Tamil Nadu,2005,Murder - Female Victims,2. Female Victims,39,423
Tripura,2005,Murder - Female Victims,2. Female Victims,1,63
Uttar Pradesh,2005,Murder - Female Victims,2. Female Victims,141,1213
Uttarakhand,2005,Murder - Female Victims,2. Female Victims,2,51
West Bengal,2005,Murder - Female Victims,2. Female Victims,1,364
Andaman & Nicobar Islands,2006,Murder - Female Victims,2. Female Victims,0,1
Andhra Pradesh,2006,Murder - Female Victims,2. Female Victims,36,708
Arunachal Pradesh,2006,Murder - Female Victims,2. Female Victims,0,0
Assam,2006,Murder - Female Victims,2. Female Victims,0,76
Bihar,2006,Murder - Female Victims,2. Female Victims,5,408
Chandigarh,2006,Murder - Female Victims,2. Female Victims,0,4
Chhattisgarh,2006,Murder - Female Victims,2. Female Victims,21,315
Dadra & Nagar Haveli,2006,Murder - Female Victims,2. Female Victims,0,3
Daman & Diu,2006,Murder - Female Victims,2. Female Victims,2,0
Delhi,2006,Murder - Female Victims,2. Female Victims,22,106
Goa,2006,Murder - Female Victims,2. Female Victims,1,9
Gujarat,2006,Murder - Female Victims,2. Female Victims,41,325
Haryana,2006,Murder - Female Victims,2. Female Victims,3,153
Himachal Pradesh,2006,Murder - Female Victims,2. Female Victims,2,29
Jammu & Kashmir,2006,Murder - Female Victims,2. Female Victims,6,70
Jharkhand,2006,Murder - Female Victims,2. Female Victims,40,174
Karnataka,2006,Murder - Female Victims,2. Female Victims,35,553
Kerala,2006,Murder - Female Victims,2. Female Victims,40,98
Madhya Pradesh,2006,Murder - Female Victims,2. Female Victims,50,460
Maharashtra,2006,Murder - Female Victims,2. Female Victims,116,879
Manipur,2006,Murder - Female Victims,2. Female Victims,1,8
Meghalaya,2006,Murder - Female Victims,2. Female Victims,1,10
Mizoram,2006,Murder - Female Victims,2. Female Victims,0,3
Nagaland,2006,Murder - Female Victims,2. Female Victims,0,8
Odisha,2006,Murder - Female Victims,2. Female Victims,5,379
Puducherry,2006,Murder - Female Victims,2. Female Victims,0,9
Punjab,2006,Murder - Female Victims,2. Female Victims,12,225
Rajasthan,2006,Murder - Female Victims,2. Female Victims,23,226
Sikkim,2006,Murder - Female Victims,2. Female Victims,0,7
Tamil Nadu,2006,Murder - Female Victims,2. Female Victims,46,469
Tripura,2006,Murder - Female Victims,2. Female Victims,0,34
Uttar Pradesh,2006,Murder - Female Victims,2. Female Victims,156,771
Uttarakhand,2006,Murder - Female Victims,2. Female Victims,3,52
West Bengal,2006,Murder - Female Victims,2. Female Victims,0,447
Andaman & Nicobar Islands,2007,Murder - Female Victims,2. Female Victims,0,6
Andhra Pradesh,2007,Murder - Female Victims,2. Female Victims,52,834
Arunachal Pradesh,2007,Murder - Female Victims,2. Female Victims,0,3
Assam,2007,Murder - Female Victims,2. Female Victims,0,88
Bihar,2007,Murder - Female Victims,2. Female Victims,19,371
Chandigarh,2007,Murder - Female Victims,2. Female Victims,2,4
Chhattisgarh,2007,Murder - Female Victims,2. Female Victims,10,300
Dadra & Nagar Haveli,2007,Murder - Female Victims,2. Female Victims,0,4
Daman & Diu,2007,Murder - Female Victims,2. Female Victims,0,1
Delhi,2007,Murder - Female Victims,2. Female Victims,18,109
Goa,2007,Murder - Female Victims,2. Female Victims,2,14
Gujarat,2007,Murder - Female Victims,2. Female Victims,43,271
Haryana,2007,Murder - Female Victims,2. Female Victims,31,136
Himachal Pradesh,2007,Murder - Female Victims,2. Female Victims,4,31
Jammu & Kashmir,2007,Murder - Female Victims,2. Female Victims,0,40
Jharkhand,2007,Murder - Female Victims,2. Female Victims,8,229
Karnataka,2007,Murder - Female Victims,2. Female Victims,27,478
Kerala,2007,Murder - Female Victims,2. Female Victims,27,114
Madhya Pradesh,2007,Murder - Female Victims,2. Female Victims,51,500
Maharashtra,2007,Murder - Female Victims,2. Female Victims,107,907
Manipur,2007,Murder - Female Victims,2. Female Victims,2,18
Meghalaya,2007,Murder - Female Victims,2. Female Victims,2,5
Mizoram,2007,Murder - Female Victims,2. Female Victims,2,16
Nagaland,2007,Murder - Female Victims,2. Female Victims,2,12
Odisha,2007,Murder - Female Victims,2. Female Victims,8,364
Puducherry,2007,Murder - Female Victims,2. Female Victims,1,9
Punjab,2007,Murder - Female Victims,2. Female Victims,12,213
Rajasthan,2007,Murder - Female Victims,2. Female Victims,28,291
Sikkim,2007,Murder - Female Victims,2. Female Victims,1,2
Tamil Nadu,2007,Murder - Female Victims,2. Female Victims,42,562
Tripura,2007,Murder - Female Victims,2. Female Victims,5,45
Uttar Pradesh,2007,Murder - Female Victims,2. Female Victims,161,738
Uttarakhand,2007,Murder - Female Victims,2. Female Victims,5,72
West Bengal,2007,Murder - Female Victims,2. Female Victims,10,637
Andaman & Nicobar Islands,2008,Murder - Female Victims,2. Female Victims,2,0
Andhra Pradesh,2008,Murder - Female Victims,2. Female Victims,41,789
Arunachal Pradesh,2008,Murder - Female Victims,2. Female Victims,0,1
Assam,2008,Murder - Female Victims,2. Female Victims,0,103
Bihar,2008,Murder - Female Victims,2. Female Victims,32,605
Chandigarh,2008,Murder - Female Victims,2. Female Victims,0,6
Chhattisgarh,2008,Murder - Female Victims,2. Female Victims,44,319
Dadra & Nagar Haveli,2008,Murder - Female Victims,2. Female Victims,1,3
Daman & Diu,2008,Murder - Female Victims,2. Female Victims,0,0
Delhi,2008,Murder - Female Victims,2. Female Victims,7,109
Goa,2008,Murder - Female Victims,2. Female Victims,3,17
Gujarat,2008,Murder - Female Victims,2. Female Victims,29,311
Haryana,2008,Murder - Female Victims,2. Female Victims,13,172
Himachal Pradesh,2008,Murder - Female Victims,2. Female Victims,6,30
Jammu & Kashmir,2008,Murder - Female Victims,2. Female Victims,0,30
Jharkhand,2008,Murder - Female Victims,2. Female Victims,3,263
Karnataka,2008,Murder - Female Victims,2. Female Victims,80,544
Kerala,2008,Murder - Female Victims,2. Female Victims,30,98
Lakshadweep,2008,Murder - Female Victims,2. Female Victims,0,1
Madhya Pradesh,2008,Murder - Female Victims,2. Female Victims,30,486
Maharashtra,2008,Murder - Female Victims,2. Female Victims,94,955
Manipur,2008,Murder - Female Victims,2. Female Victims,2,17
Meghalaya,2008,Murder - Female Victims,2. Female Victims,0,15
Mizoram,2008,Murder - Female Victims,2. Female Victims,0,2
Nagaland,2008,Murder - Female Victims,2. Female Victims,0,6
Odisha,2008,Murder - Female Victims,2. Female Victims,4,541
Puducherry,2008,Murder - Female Victims,2. Female Victims,0,8
Punjab,2008,Murder - Female Victims,2. Female Victims,15,204
Rajasthan,2008,Murder - Female Victims,2. Female Victims,26,261
Sikkim,2008,Murder - Female Victims,2. Female Victims,0,3
Tamil Nadu,2008,Murder - Female Victims,2. Female Victims,52,572
Tripura,2008,Murder - Female Victims,2. Female Victims,6,57
Uttar Pradesh,2008,Murder - Female Victims,2. Female Victims,158,682
Uttarakhand,2008,Murder - Female Victims,2. Female Victims,0,48
West Bengal,2008,Murder - Female Victims,2. Female Victims,6,244
Andaman & Nicobar Islands,2009,Murder - Female Victims,2. Female Victims,1,7
Andhra Pradesh,2009,Murder - Female Victims,2. Female Victims,31,769
Arunachal Pradesh,2009,Murder - Female Victims,2. Female Victims,0,1
Assam,2009,Murder - Female Victims,2. Female Victims,0,97
Bihar,2009,Murder - Female Victims,2. Female Victims,41,631
Chandigarh,2009,Murder - Female Victims,2. Female Victims,0,3
Chhattisgarh,2009,Murder - Female Victims,2. Female Victims,24,302
Dadra & Nagar Haveli,2009,Murder - Female Victims,2. Female Victims,0,6
Daman & Diu,2009,Murder - Female Victims,2. Female Victims,0,1
Delhi,2009,Murder - Female Victims,2. Female Victims,19,107
Goa,2009,Murder - Female Victims,2. Female Victims,2,29
Gujarat,2009,Murder - Female Victims,2. Female Victims,42,283
Haryana,2009,Murder - Female Victims,2. Female Victims,4,217
Himachal Pradesh,2009,Murder - Female Victims,2. Female Victims,6,33
Jammu & Kashmir,2009,Murder - Female Victims,2. Female Victims,0,46
Jharkhand,2009,Murder - Female Victims,2. Female Victims,2,199
Karnataka,2009,Murder - Female Victims,2. Female Victims,32,647
Kerala,2009,Murder - Female Victims,2. Female Victims,26,83
Madhya Pradesh,2009,Murder - Female Victims,2. Female Victims,40,585
Maharashtra,2009,Murder - Female Victims,2. Female Victims,112,888
Manipur,2009,Murder - Female Victims,2. Female Victims,4,14
Meghalaya,2009,Murder - Female Victims,2. Female Victims,3,19
Mizoram,2009,Murder - Female Victims,2. Female Victims,0,3
Nagaland,2009,Murder - Female Victims,2. Female Victims,0,9
Odisha,2009,Murder - Female Victims,2. Female Victims,4,456
Puducherry,2009,Murder - Female Victims,2. Female Victims,1,9
Punjab,2009,Murder - Female Victims,2. Female Victims,29,174
Rajasthan,2009,Murder - Female Victims,2. Female Victims,29,299
Sikkim,2009,Murder - Female Victims,2. Female Victims,1,5
Tamil Nadu,2009,Murder - Female Victims,2. Female Victims,56,531
Tripura,2009,Murder - Female Victims,2. Female Victims,10,47
Uttar Pradesh,2009,Murder - Female Victims,2. Female Victims,165,790
Uttarakhand,2009,Murder - Female Victims,2. Female Victims,2,49
West Bengal,2009,Murder - Female Victims,2. Female Victims,11,682
Andaman & Nicobar Islands,2010,Murder - Female Victims,2. Female Victims,2,3
Andhra Pradesh,2010,Murder - Female Victims,2. Female Victims,33,591
Arunachal Pradesh,2010,Murder - Female Victims,2. Female Victims,0,2
Assam,2010,Murder - Female Victims,2. Female Victims,0,86
Bihar,2010,Murder - Female Victims,2. Female Victims,74,588
Chandigarh,2010,Murder - Female Victims,2. Female Victims,0,2
Chhattisgarh,2010,Murder - Female Victims,2. Female Victims,37,320
Dadra & Nagar Haveli,2010,Murder - Female Victims,2. Female Victims,0,1
Delhi,2010,Murder - Female Victims,2. Female Victims,11,108
Goa,2010,Murder - Female Victims,2. Female Victims,1,6
Gujarat,2010,Murder - Female Victims,2. Female Victims,23,245
Haryana,2010,Murder - Female Victims,2. Female Victims,12,201
Himachal Pradesh,2010,Murder - Female Victims,2. Female Victims,3,25
Jammu & Kashmir,2010,Murder - Female Victims,2. Female Victims,1,29
Jharkhand,2010,Murder - Female Victims,2. Female Victims,1,255
Karnataka,2010,Murder - Female Victims,2. Female Victims,35,696
Kerala,2010,Murder - Female Victims,2. Female Victims,22,104
Madhya Pradesh,2010,Murder - Female Victims,2. Female Victims,43,508
Maharashtra,2010,Murder - Female Victims,2. Female Victims,108,939
Manipur,2010,Murder - Female Victims,2. Female Victims,0,19
Meghalaya,2010,Murder - Female Victims,2. Female Victims,1,10
Mizoram,2010,Murder - Female Victims,2. Female Victims,1,7
Nagaland,2010,Murder - Female Victims,2. Female Victims,0,5
Odisha,2010,Murder - Female Victims,2. Female Victims,6,530
Puducherry,2010,Murder - Female Victims,2. Female Victims,0,4
Punjab,2010,Murder - Female Victims,2. Female Victims,23,219
Rajasthan,2010,Murder - Female Victims,2. Female Victims,31,275
Sikkim,2010,Murder - Female Victims,2. Female Victims,2,6
Tamil Nadu,2010,Murder - Female Victims,2. Female Victims,52,577
Tripura,2010,Murder - Female Victims,2. Female Victims,1,62
Uttar Pradesh,2010,Murder - Female Victims,2. Female Victims,139,720
Uttarakhand,2010,Murder - Female Victims,2. Female Victims,2,42
West Bengal,2010,Murder - Female Victims,2. Female Victims,7,886
Andaman & Nicobar Islands,2001,Murder - Male Victims,1. Male Victims,1,6
Andhra Pradesh,2001,Murder - Male Victims,1. Male Victims,182,1994
Arunachal Pradesh,2001,Murder - Male Victims,1. Male Victims,0,67
Assam,2001,Murder - Male Victims,1. Male Victims,216,1012
Bihar,2001,Murder - Male Victims,1. Male Victims,160,3117
Chandigarh,2001,Murder - Male Victims,1. Male Victims,0,10
Chhattisgarh,2001,Murder - Male Victims,1. Male Victims,72,1036
Dadra & Nagar Haveli,2001,Murder - Male Victims,1. Male Victims,0,3
Delhi,2001,Murder - Male Victims,1. Male Victims,35,387
Goa,2001,Murder - Male Victims,1. Male Victims,1,23
Gujarat,2001,Murder - Male Victims,1. Male Victims,79,838
Haryana,2001,Murder - Male Victims,1. Male Victims,82,593
Himachal Pradesh,2001,Murder - Male Victims,1. Male Victims,4,79
Jammu & Kashmir,2001,Murder - Male Victims,1. Male Victims,205,1020
Jharkhand,2001,Murder - Male Victims,1. Male Victims,128,1088
Karnataka,2001,Murder - Male Victims,1. Male Victims,87,1014
Kerala,2001,Murder - Male Victims,1. Male Victims,44,289
Madhya Pradesh,2001,Murder - Male Victims,1. Male Victims,186,1617
Maharashtra,2001,Murder - Male Victims,1. Male Victims,180,1702
Manipur,2001,Murder - Male Victims,1. Male Victims,8,217
Meghalaya,2001,Murder - Male Victims,1. Male Victims,0,163
Mizoram,2001,Murder - Male Victims,1. Male Victims,3,16
Nagaland,2001,Murder - Male Victims,1. Male Victims,4,103
Odisha,2001,Murder - Male Victims,1. Male Victims,45,700
Puducherry,2001,Murder - Male Victims,1. Male Victims,0,15
Punjab,2001,Murder - Male Victims,1. Male Victims,51,533
Rajasthan,2001,Murder - Male Victims,1. Male Victims,56,971
Sikkim,2001,Murder - Male Victims,1. Male Victims,1,12
Tamil Nadu,2001,Murder - Male Victims,1. Male Victims,147,990
Tripura,2001,Murder - Male Victims,1. Male Victims,21,210
Uttar Pradesh,2001,Murder - Male Victims,1. Male Victims,311,6546
Uttarakhand,2001,Murder - Male Victims,1. Male Victims,8,263
West Bengal,2001,Murder - Male Victims,1. Male Victims,5,1310
Andaman & Nicobar Islands,2002,Murder - Male Victims,1. Male Victims,0,10
Andhra Pradesh,2002,Murder - Male Victims,1. Male Victims,20,1969
Arunachal Pradesh,2002,Murder - Male Victims,1. Male Victims,0,57
Assam,2002,Murder - Male Victims,1. Male Victims,2,1140
Bihar,2002,Murder - Male Victims,1. Male Victims,10,3424
Chandigarh,2002,Murder - Male Victims,1. Male Victims,2,20
Chhattisgarh,2002,Murder - Male Victims,1. Male Victims,26,590
Dadra & Nagar Haveli,2002,Murder - Male Victims,1. Male Victims,0,10
Daman & Diu,2002,Murder - Male Victims,1. Male Victims,0,6
Delhi,2002,Murder - Male Victims,1. Male Victims,24,387
Goa,2002,Murder - Male Victims,1. Male Victims,2,22
Gujarat,2002,Murder - Male Victims,1. Male Victims,119,1614
Haryana,2002,Murder - Male Victims,1. Male Victims,16,639
Himachal Pradesh,2002,Murder - Male Victims,1. Male Victims,6,92
Jammu & Kashmir,2002,Murder - Male Victims,1. Male Victims,2,1142
Jharkhand,2002,Murder - Male Victims,1. Male Victims,5,1177
Karnataka,2002,Murder - Male Victims,1. Male Victims,18,1091
Kerala,2002,Murder - Male Victims,1. Male Victims,29,270
Madhya Pradesh,2002,Murder - Male Victims,1. Male Victims,80,1778
Maharashtra,2002,Murder - Male Victims,1. Male Victims,135,1890
Manipur,2002,Murder - Male Victims,1. Male Victims,0,208
Meghalaya,2002,Murder - Male Victims,1. Male Victims,2,157
Mizoram,2002,Murder - Male Victims,1. Male Victims,0,20
Nagaland,2002,Murder - Male Victims,1. Male Victims,9,96
Odisha,2002,Murder - Male Victims,1. Male Victims,4,798
Puducherry,2002,Murder - Male Victims,1. Male Victims,1,19
Punjab,2002,Murder - Male Victims,1. Male Victims,8,623
Rajasthan,2002,Murder - Male Victims,1. Male Victims,8,1055
Sikkim,2002,Murder - Male Victims,1. Male Victims,2,11
Tamil Nadu,2002,Murder - Male Victims,1. Male Victims,17,1252
Tripura,2002,Murder - Male Victims,1. Male Victims,0,189
Uttar Pradesh,2002,Murder - Male Victims,1. Male Victims,390,5695
Uttarakhand,2002,Murder - Male Victims,1. Male Victims,3,265
West Bengal,2002,Murder - Male Victims,1. Male Victims,0,1181
Andaman & Nicobar Islands,2003,Murder - Male Victims,1. Male Victims,0,12
Andhra Pradesh,2003,Murder - Male Victims,1. Male Victims,91,2086
Arunachal Pradesh,2003,Murder - Male Victims,1. Male Victims,0,77
Assam,2003,Murder - Male Victims,1. Male Victims,2,1086
Bihar,2003,Murder - Male Victims,1. Male Victims,7,3372
Chandigarh,2003,Murder - Male Victims,1. Male Victims,1,14
Chhattisgarh,2003,Murder - Male Victims,1. Male Victims,26,555
Dadra & Nagar Haveli,2003,Murder - Male Victims,1. Male Victims,0,8
Daman & Diu,2003,Murder - Male Victims,1. Male Victims,0,6
Delhi,2003,Murder - Male Victims,1. Male Victims,33,338
Goa,2003,Murder - Male Victims,1. Male Victims,0,20
Gujarat,2003,Murder - Male Victims,1. Male Victims,50,758
Haryana,2003,Murder - Male Victims,1. Male Victims,15,582
Himachal Pradesh,2003,Murder - Male Victims,1. Male Victims,8,88
Jammu & Kashmir,2003,Murder - Male Victims,1. Male Victims,0,1013
Jharkhand,2003,Murder - Male Victims,1. Male Victims,8,1078
Karnataka,2003,Murder - Male Victims,1. Male Victims,102,949
Kerala,2003,Murder - Male Victims,1. Male Victims,10,299
Madhya Pradesh,2003,Murder - Male Victims,1. Male Victims,106,1667
Maharashtra,2003,Murder - Male Victims,1. Male Victims,108,1847
Manipur,2003,Murder - Male Victims,1. Male Victims,0,174
Meghalaya,2003,Murder - Male Victims,1. Male Victims,12,153
Mizoram,2003,Murder - Male Victims,1. Male Victims,5,32
Nagaland,2003,Murder - Male Victims,1. Male Victims,0,85
Odisha,2003,Murder - Male Victims,1. Male Victims,19,750
Puducherry,2003,Murder - Male Victims,1. Male Victims,1,21
Punjab,2003,Murder - Male Victims,1. Male Victims,18,576
Rajasthan,2003,Murder - Male Victims,1. Male Victims,18,995
Sikkim,2003,Murder - Male Victims,1. Male Victims,1,9
Tamil Nadu,2003,Murder - Male Victims,1. Male Victims,23,1088
Tripura,2003,Murder - Male Victims,1. Male Victims,0,231
Uttar Pradesh,2003,Murder - Male Victims,1. Male Victims,320,3965
Uttarakhand,2003,Murder - Male Victims,1. Male Victims,1,230
West Bengal,2003,Murder - Male Victims,1. Male Victims,3,1164
Andaman & Nicobar Islands,2004,Murder - Male Victims,1. Male Victims,1,9
Andhra Pradesh,2004,Murder - Male Victims,1. Male Victims,52,1933
Arunachal Pradesh,2004,Murder - Male Victims,1. Male Victims,0,65
Assam,2004,Murder - Male Victims,1. Male Victims,1,1129
Bihar,2004,Murder - Male Victims,1. Male Victims,15,3508
Chandigarh,2004,Murder - Male Victims,1. Male Victims,1,13
Chhattisgarh,2004,Murder - Male Victims,1. Male Victims,44,614
Dadra & Nagar Haveli,2004,Murder - Male Victims,1. Male Victims,1,8
Daman & Diu,2004,Murder - Male Victims,1. Male Victims,0,2
Delhi,2004,Murder - Male Victims,1. Male Victims,49,336
Goa,2004,Murder - Male Victims,1. Male Victims,1,24
Gujarat,2004,Murder - Male Victims,1. Male Victims,42,787
Haryana,2004,Murder - Male Victims,1. Male Victims,21,562
Himachal Pradesh,2004,Murder - Male Victims,1. Male Victims,5,80
Jammu & Kashmir,2004,Murder - Male Victims,1. Male Victims,0,882
Jharkhand,2004,Murder - Male Victims,1. Male Victims,8,1081
Karnataka,2004,Murder - Male Victims,1. Male Victims,29,977
Kerala,2004,Murder - Male Victims,1. Male Victims,29,261
Madhya Pradesh,2004,Murder - Male Victims,1. Male Victims,121,1765
Maharashtra,2004,Murder - Male Victims,1. Male Victims,110,1663
Manipur,2004,Murder - Male Victims,1. Male Victims,0,178
Meghalaya,2004,Murder - Male Victims,1. Male Victims,0,149
Mizoram,2004,Murder - Male Victims,1. Male Victims,0,31
Nagaland,2004,Murder - Male Victims,1. Male Victims,0,56
Odisha,2004,Murder - Male Victims,1. Male Victims,5,775
Puducherry,2004,Murder - Male Victims,1. Male Victims,1,21
Punjab,2004,Murder - Male Victims,1. Male Victims,23,585
Rajasthan,2004,Murder - Male Victims,1. Male Victims,13,992
Sikkim,2004,Murder - Male Victims,1. Male Victims,1,12
Tamil Nadu,2004,Murder - Male Victims,1. Male Victims,43,1008
Tripura,2004,Murder - Male Victims,1. Male Victims,4,178
Uttar Pradesh,2004,Murder - Male Victims,1. Male Victims,430,4834
Uttarakhand,2004,Murder - Male Victims,1. Male Victims,2,218
West Bengal,2004,Murder - Male Victims,1. Male Victims,0,1008
Andaman & Nicobar Islands,2005,Murder - Male Victims,1. Male Victims,1,10
Andhra Pradesh,2005,Murder - Male Victims,1. Male Victims,59,2147
Arunachal Pradesh,2005,Murder - Male Victims,1. Male Victims,0,80
Assam,2005,Murder - Male Victims,1. Male Victims,13,1116
Bihar,2005,Murder - Male Victims,1. Male Victims,23,3006
Chandigarh,2005,Murder - Male Victims,1. Male Victims,2,13
Chhattisgarh,2005,Murder - Male Victims,1. Male Victims,22,705
Dadra & Nagar Haveli,2005,Murder - Male Victims,1. Male Victims,2,5
Daman & Diu,2005,Murder - Male Victims,1. Male Victims,1,4
Delhi,2005,Murder - Male Victims,1. Male Victims,23,352
Goa,2005,Murder - Male Victims,1. Male Victims,1,34
Gujarat,2005,Murder - Male Victims,1. Male Victims,60,697
Haryana,2005,Murder - Male Victims,1. Male Victims,30,639
Himachal Pradesh,2005,Murder - Male Victims,1. Male Victims,4,78
Jammu & Kashmir,2005,Murder - Male Victims,1. Male Victims,2,642
Jharkhand,2005,Murder - Male Victims,1. Male Victims,97,1253
Karnataka,2005,Murder - Male Victims,1. Male Victims,25,1063
Kerala,2005,Murder - Male Victims,1. Male Victims,26,258
Madhya Pradesh,2005,Murder - Male Victims,1. Male Victims,105,1795
Maharashtra,2005,Murder - Male Victims,1. Male Victims,129,1636
Manipur,2005,Murder - Male Victims,1. Male Victims,0,276
Meghalaya,2005,Murder - Male Victims,1. Male Victims,6,113
Mizoram,2005,Murder - Male Victims,1. Male Victims,0,31
Nagaland,2005,Murder - Male Victims,1. Male Victims,0,74
Odisha,2005,Murder - Male Victims,1. Male Victims,4,803
Puducherry,2005,Murder - Male Victims,1. Male Victims,0,10
Punjab,2005,Murder - Male Victims,1. Male Victims,17,540
Rajasthan,2005,Murder - Male Victims,1. Male Victims,30,920
Sikkim,2005,Murder - Male Victims,1. Male Victims,1,4
Tamil Nadu,2005,Murder - Male Victims,1. Male Victims,28,1021
Tripura,2005,Murder - Male Victims,1. Male Victims,0,94
Uttar Pradesh,2005,Murder - Male Victims,1. Male Victims,249,4762
Uttarakhand,2005,Murder - Male Victims,1. Male Victims,4,233
West Bengal,2005,Murder - Male Victims,1. Male Victims,1,1088
Andaman & Nicobar Islands,2006,Murder - Male Victims,1. Male Victims,0,4
Andhra Pradesh,2006,Murder - Male Victims,1. Male Victims,27,2169
Arunachal Pradesh,2006,Murder - Male Victims,1. Male Victims,0,60
Assam,2006,Murder - Male Victims,1. Male Victims,11,1120
Bihar,2006,Murder - Male Victims,1. Male Victims,7,2829
Chandigarh,2006,Murder - Male Victims,1. Male Victims,1,9
Chhattisgarh,2006,Murder - Male Victims,1. Male Victims,27,735
Dadra & Nagar Haveli,2006,Murder - Male Victims,1. Male Victims,1,5
Daman & Diu,2006,Murder - Male Victims,1. Male Victims,0,5
Delhi,2006,Murder - Male Victims,1. Male Victims,44,316
Goa,2006,Murder - Male Victims,1. Male Victims,1,29
Gujarat,2006,Murder - Male Victims,1. Male Victims,69,779
Haryana,2006,Murder - Male Victims,1. Male Victims,27,716
Himachal Pradesh,2006,Murder - Male Victims,1. Male Victims,3,95
Jammu & Kashmir,2006,Murder - Male Victims,1. Male Victims,4,561
Jharkhand,2006,Murder - Male Victims,1. Male Victims,99,1179
Karnataka,2006,Murder - Male Victims,1. Male Victims,44,1045
Kerala,2006,Murder - Male Victims,1. Male Victims,32,256
Madhya Pradesh,2006,Murder - Male Victims,1. Male Victims,110,1710
Maharashtra,2006,Murder - Male Victims,1. Male Victims,135,1831
Manipur,2006,Murder - Male Victims,1. Male Victims,6,223
Meghalaya,2006,Murder - Male Victims,1. Male Victims,6,140
Mizoram,2006,Murder - Male Victims,1. Male Victims,0,22
Nagaland,2006,Murder - Male Victims,1. Male Victims,9,106
Odisha,2006,Murder - Male Victims,1. Male Victims,13,770
Puducherry,2006,Murder - Male Victims,1. Male Victims,1,20
Punjab,2006,Murder - Male Victims,1. Male Victims,14,600
Rajasthan,2006,Murder - Male Victims,1. Male Victims,54,935
Sikkim,2006,Murder - Male Victims,1. Male Victims,4,10
Tamil Nadu,2006,Murder - Male Victims,1. Male Victims,24,879
Tripura,2006,Murder - Male Victims,1. Male Victims,3,128
Uttar Pradesh,2006,Murder - Male Victims,1. Male Victims,270,4565
Uttarakhand,2006,Murder - Male Victims,1. Male Victims,7,223
West Bengal,2006,Murder - Male Victims,1. Male Victims,3,992
Andaman & Nicobar Islands,2007,Murder - Male Victims,1. Male Victims,0,9
Andhra Pradesh,2007,Murder - Male Victims,1. Male Victims,56,1908
Arunachal Pradesh,2007,Murder - Male Victims,1. Male Victims,0,65
Assam,2007,Murder - Male Victims,1. Male Victims,2,1284
Bihar,2007,Murder - Male Victims,1. Male Victims,76,2615
Chandigarh,2007,Murder - Male Victims,1. Male Victims,0,14
Chhattisgarh,2007,Murder - Male Victims,1. Male Victims,35,752
Dadra & Nagar Haveli,2007,Murder - Male Victims,1. Male Victims,1,5
Daman & Diu,2007,Murder - Male Victims,1. Male Victims,2,9
Delhi,2007,Murder - Male Victims,1. Male Victims,39,345
Goa,2007,Murder - Male Victims,1. Male Victims,0,18
Gujarat,2007,Murder - Male Victims,1. Male Victims,61,839
Haryana,2007,Murder - Male Victims,1. Male Victims,68,707
Himachal Pradesh,2007,Murder - Male Victims,1. Male Victims,6,91
Jammu & Kashmir,2007,Murder - Male Victims,1. Male Victims,0,326
Jharkhand,2007,Murder - Male Victims,1. Male Victims,17,1363
Karnataka,2007,Murder - Male Victims,1. Male Victims,26,1055
Kerala,2007,Murder - Male Victims,1. Male Victims,26,226
Madhya Pradesh,2007,Murder - Male Victims,1. Male Victims,109,1655
Maharashtra,2007,Murder - Male Victims,1. Male Victims,143,1636
Manipur,2007,Murder - Male Victims,1. Male Victims,6,269
Meghalaya,2007,Murder - Male Victims,1. Male Victims,10,97
Mizoram,2007,Murder - Male Victims,1. Male Victims,1,24
Nagaland,2007,Murder - Male Victims,1. Male Victims,1,103
Odisha,2007,Murder - Male Victims,1. Male Victims,25,838
Puducherry,2007,Murder - Male Victims,1. Male Victims,2,23
Punjab,2007,Murder - Male Victims,1. Male Victims,21,580
Rajasthan,2007,Murder - Male Victims,1. Male Victims,61,979
Sikkim,2007,Murder - Male Victims,1. Male Victims,0,6
Tamil Nadu,2007,Murder - Male Victims,1. Male Victims,26,1081
Tripura,2007,Murder - Male Victims,1. Male Victims,6,94
Uttar Pradesh,2007,Murder - Male Victims,1. Male Victims,236,4047
Uttarakhand,2007,Murder - Male Victims,1. Male Victims,9,182
West Bengal,2007,Murder - Male Victims,1. Male Victims,5,1001
Andaman & Nicobar Islands,2008,Murder - Male Victims,1. Male Victims,0,6
Andhra Pradesh,2008,Murder - Male Victims,1. Male Victims,80,1852
Arunachal Pradesh,2008,Murder - Male Victims,1. Male Victims,0,71
Assam,2008,Murder - Male Victims,1. Male Victims,1,1322
Bihar,2008,Murder - Male Victims,1. Male Victims,84,2418
Chandigarh,2008,Murder - Male Victims,1. Male Victims,0,11
Chhattisgarh,2008,Murder - Male Victims,1. Male Victims,54,752
Dadra & Nagar Haveli,2008,Murder - Male Victims,1. Male Victims,0,5
Daman & Diu,2008,Murder - Male Victims,1. Male Victims,0,2
Delhi,2008,Murder - Male Victims,1. Male Victims,44,429
Goa,2008,Murder - Male Victims,1. Male Victims,0,33
Gujarat,2008,Murder - Male Victims,1. Male Victims,37,768
Haryana,2008,Murder - Male Victims,1. Male Victims,18,767
Himachal Pradesh,2008,Murder - Male Victims,1. Male Victims,8,86
Jammu & Kashmir,2008,Murder - Male Victims,1. Male Victims,0,236
Jharkhand,2008,Murder - Male Victims,1. Male Victims,8,1423
Karnataka,2008,Murder - Male Victims,1. Male Victims,87,1089
Kerala,2008,Murder - Male Victims,1. Male Victims,19,232
Madhya Pradesh,2008,Murder - Male Victims,1. Male Victims,77,1758
Maharashtra,2008,Murder - Male Victims,1. Male Victims,106,1821
Manipur,2008,Murder - Male Victims,1. Male Victims,10,239
Meghalaya,2008,Murder - Male Victims,1. Male Victims,0,111
Mizoram,2008,Murder - Male Victims,1. Male Victims,0,33
Nagaland,2008,Murder - Male Victims,1. Male Victims,0,141
Odisha,2008,Murder - Male Victims,1. Male Victims,9,696
Puducherry,2008,Murder - Male Victims,1. Male Victims,1,26
Punjab,2008,Murder - Male Victims,1. Male Victims,17,579
Rajasthan,2008,Murder - Male Victims,1. Male Victims,67,966
Sikkim,2008,Murder - Male Victims,1. Male Victims,2,4
Tamil Nadu,2008,Murder - Male Victims,1. Male Victims,48,1152
Tripura,2008,Murder - Male Victims,1. Male Victims,14,89
Uttar Pradesh,2008,Murder - Male Victims,1. Male Victims,218,3641
Uttarakhand,2008,Murder - Male Victims,1. Male Victims,3,210
West Bengal,2008,Murder - Male Victims,1. Male Victims,15,1546
Andaman & Nicobar Islands,2009,Murder - Male Victims,1. Male Victims,2,8
Andhra Pradesh,2009,Murder - Male Victims,1. Male Victims,46,1629
Arunachal Pradesh,2009,Murder - Male Victims,1. Male Victims,0,58
Assam,2009,Murder - Male Victims,1. Male Victims,4,1222
Bihar,2009,Murder - Male Victims,1. Male Victims,85,2422
Chandigarh,2009,Murder - Male Victims,1. Male Victims,1,18
Chhattisgarh,2009,Murder - Male Victims,1. Male Victims,60,697
Dadra & Nagar Haveli,2009,Murder - Male Victims,1. Male Victims,1,3
Daman & Diu,2009,Murder - Male Victims,1. Male Victims,0,4
Delhi,2009,Murder - Male Victims,1. Male Victims,62,383
Goa,2009,Murder - Male Victims,1. Male Victims,2,24
Gujarat,2009,Murder - Male Victims,1. Male Victims,37,697
Haryana,2009,Murder - Male Victims,1. Male Victims,15,771
Himachal Pradesh,2009,Murder - Male Victims,1. Male Victims,3,91
Jammu & Kashmir,2009,Murder - Male Victims,1. Male Victims,4,212
Jharkhand,2009,Murder - Male Victims,1. Male Victims,9,1426
Karnataka,2009,Murder - Male Victims,1. Male Victims,31,1042
Kerala,2009,Murder - Male Victims,1. Male Victims,33,227
Madhya Pradesh,2009,Murder - Male Victims,1. Male Victims,87,1690
Maharashtra,2009,Murder - Male Victims,1. Male Victims,94,1618
Manipur,2009,Murder - Male Victims,1. Male Victims,6,150
Meghalaya,2009,Murder - Male Victims,1. Male Victims,5,101
Mizoram,2009,Murder - Male Victims,1. Male Victims,0,28
Nagaland,2009,Murder - Male Victims,1. Male Victims,0,40
Odisha,2009,Murder - Male Victims,1. Male Victims,9,797
Puducherry,2009,Murder - Male Victims,1. Male Victims,0,29
Punjab,2009,Murder - Male Victims,1. Male Victims,53,605
Rajasthan,2009,Murder - Male Victims,1. Male Victims,68,1021
Sikkim,2009,Murder - Male Victims,1. Male Victims,2,12
Tamil Nadu,2009,Murder - Male Victims,1. Male Victims,49,1221
Tripura,2009,Murder - Male Victims,1. Male Victims,8,83
Uttar Pradesh,2009,Murder - Male Victims,1. Male Victims,207,3517
Uttarakhand,2009,Murder - Male Victims,1. Male Victims,3,141
West Bengal,2009,Murder - Male Victims,1. Male Victims,12,1456
Andaman & Nicobar Islands,2010,Murder - Male Victims,1. Male Victims,0,5
Andhra Pradesh,2010,Murder - Male Victims,1. Male Victims,36,1878
Arunachal Pradesh,2010,Murder - Male Victims,1. Male Victims,0,73
Assam,2010,Murder - Male Victims,1. Male Victims,10,1127
Bihar,2010,Murder - Male Victims,1. Male Victims,128,2572
Chandigarh,2010,Murder - Male Victims,1. Male Victims,1,19
Chhattisgarh,2010,Murder - Male Victims,1. Male Victims,58,650
Dadra & Nagar Haveli,2010,Murder - Male Victims,1. Male Victims,0,5
Daman & Diu,2010,Murder - Male Victims,1. Male Victims,0,5
Delhi,2010,Murder - Male Victims,1. Male Victims,28,430
Goa,2010,Murder - Male Victims,1. Male Victims,0,28
Gujarat,2010,Murder - Male Victims,1. Male Victims,48,766
Haryana,2010,Murder - Male Victims,1. Male Victims,18,813
Himachal Pradesh,2010,Murder - Male Victims,1. Male Victims,5,100
Jammu & Kashmir,2010,Murder - Male Victims,1. Male Victims,0,205
Jharkhand,2010,Murder - Male Victims,1. Male Victims,7,1489
Karnataka,2010,Murder - Male Victims,1. Male Victims,25,1122
Kerala,2010,Murder - Male Victims,1. Male Victims,27,252
Madhya Pradesh,2010,Murder - Male Victims,1. Male Victims,101,1789
Maharashtra,2010,Murder - Male Victims,1. Male Victims,129,1661
Manipur,2010,Murder - Male Victims,1. Male Victims,2,80
Meghalaya,2010,Murder - Male Victims,1. Male Victims,1,125
Mizoram,2010,Murder - Male Victims,1. Male Victims,1,39
Nagaland,2010,Murder - Male Victims,1. Male Victims,0,42
Odisha,2010,Murder - Male Victims,1. Male Victims,6,777
Puducherry,2010,Murder - Male Victims,1. Male Victims,0,30
Punjab,2010,Murder - Male Victims,1. Male Victims,25,678
Rajasthan,2010,Murder - Male Victims,1. Male Victims,62,1053
Sikkim,2010,Murder - Male Victims,1. Male Victims,1,8
Tamil Nadu,2010,Murder - Male Victims,1. Male Victims,40,1239
Tripura,2010,Murder - Male Victims,1. Male Victims,1,95
Uttar Pradesh,2010,Murder - Male Victims,1. Male Victims,207,3390
Uttarakhand,2010,Murder - Male Victims,1. Male Victims,1,131
West Bengal,2010,Murder - Male Victims,1. Male Victims,9,1513
Andaman & Nicobar Islands,2001,Murder - Total Victims,3. Total,1,12
Andhra Pradesh,2001,Murder - Total Victims,3. Total,278,2505
Arunachal Pradesh,2001,Murder - Total Victims,3. Total,0,83
Assam,2001,Murder - Total Victims,3. Total,251,1105
Bihar,2001,Murder - Total Victims,3. Total,200,3443
Chandigarh,2001,Murder - Total Victims,3. Total,0,15
Chhattisgarh,2001,Murder - Total Victims,3. Total,162,1495
Dadra & Nagar Haveli,2001,Murder - Total Victims,3. Total,0,3
Delhi,2001,Murder - Total Victims,3. Total,58,516
Goa,2001,Murder - Total Victims,3. Total,1,36
Gujarat,2001,Murder - Total Victims,3. Total,153,1127
Haryana,2001,Murder - Total Victims,3. Total,110,708
Himachal Pradesh,2001,Murder - Total Victims,3. Total,7,115
Jammu & Kashmir,2001,Murder - Total Victims,3. Total,247,1165
Jharkhand,2001,Murder - Total Victims,3. Total,167,1340
Karnataka,2001,Murder - Total Victims,3. Total,162,1516
Kerala,2001,Murder - Total Victims,3. Total,93,396
Lakshadweep,2001,Murder - Total Victims,3. Total,2,0
Madhya Pradesh,2001,Murder - Total Victims,3. Total,277,2148
Maharashtra,2001,Murder - Total Victims,3. Total,325,2625
Manipur,2001,Murder - Total Victims,3. Total,10,223
Meghalaya,2001,Murder - Total Victims,3. Total,0,169
Mizoram,2001,Murder - Total Victims,3. Total,3,28
Nagaland,2001,Murder - Total Victims,3. Total,6,103
Odisha,2001,Murder - Total Victims,3. Total,58,947
Puducherry,2001,Murder - Total Victims,3. Total,1,24
Punjab,2001,Murder - Total Victims,3. Total,76,711
Rajasthan,2001,Murder - Total Victims,3. Total,83,1192
Sikkim,2001,Murder - Total Victims,3. Total,1,18
Tamil Nadu,2001,Murder - Total Victims,3. Total,273,1389
Tripura,2001,Murder - Total Victims,3. Total,23,217
Uttar Pradesh,2001,Murder - Total Victims,3. Total,489,7691
Uttarakhand,2001,Murder - Total Victims,3. Total,13,368
West Bengal,2001,Murder - Total Victims,3. Total,6,1667
Andaman & Nicobar Islands,2002,Murder - Total Victims,3. Total,1,16
Andhra Pradesh,2002,Murder - Total Victims,3. Total,45,2606
Arunachal Pradesh,2002,Murder - Total Victims,3. Total,0,61
Assam,2002,Murder - Total Victims,3. Total,2,1251
Bihar,2002,Murder - Total Victims,3. Total,15,3816
Chandigarh,2002,Murder - Total Victims,3. Total,3,28
Chhattisgarh,2002,Murder - Total Victims,3. Total,35,809
Dadra & Nagar Haveli,2002,Murder - Total Victims,3. Total,0,11
Daman & Diu,2002,Murder - Total Victims,3. Total,0,8
Delhi,2002,Murder - Total Victims,3. Total,35,506
Goa,2002,Murder - Total Victims,3. Total,2,29
Gujarat,2002,Murder - Total Victims,3. Total,212,2115
Haryana,2002,Murder - Total Victims,3. Total,22,789
Himachal Pradesh,2002,Murder - Total Victims,3. Total,10,122
Jammu & Kashmir,2002,Murder - Total Victims,3. Total,2,1305
Jharkhand,2002,Murder - Total Victims,3. Total,8,1480
Karnataka,2002,Murder - Total Victims,3. Total,28,1676
Kerala,2002,Murder - Total Victims,3. Total,80,374
Madhya Pradesh,2002,Murder - Total Victims,3. Total,94,2301
Maharashtra,2002,Murder - Total Victims,3. Total,255,2736
Manipur,2002,Murder - Total Victims,3. Total,0,222
Meghalaya,2002,Murder - Total Victims,3. Total,3,181
Mizoram,2002,Murder - Total Victims,3. Total,0,29
Nagaland,2002,Murder - Total Victims,3. Total,9,99
Odisha,2002,Murder - Total Victims,3. Total,7,1141
Puducherry,2002,Murder - Total Victims,3. Total,2,29
Punjab,2002,Murder - Total Victims,3. Total,13,759
Rajasthan,2002,Murder - Total Victims,3. Total,20,1304
Sikkim,2002,Murder - Total Victims,3. Total,2,11
Tamil Nadu,2002,Murder - Total Victims,3. Total,45,1742
Tripura,2002,Murder - Total Victims,3. Total,0,201
Uttar Pradesh,2002,Murder - Total Victims,3. Total,538,7000
Uttarakhand,2002,Murder - Total Victims,3. Total,7,328
West Bengal,2002,Murder - Total Victims,3. Total,3,1450
Andaman & Nicobar Islands,2003,Murder - Total Victims,3. Total,1,20
Andhra Pradesh,2003,Murder - Total Victims,3. Total,119,2795
Arunachal Pradesh,2003,Murder - Total Victims,3. Total,0,77
Assam,2003,Murder - Total Victims,3. Total,2,1189
Bihar,2003,Murder - Total Victims,3. Total,12,3760
Chandigarh,2003,Murder - Total Victims,3. Total,3,18
Chhattisgarh,2003,Murder - Total Victims,3. Total,40,757
Dadra & Nagar Haveli,2003,Murder - Total Victims,3. Total,0,11
Daman & Diu,2003,Murder - Total Victims,3. Total,0,6
Delhi,2003,Murder - Total Victims,3. Total,54,448
Goa,2003,Murder - Total Victims,3. Total,0,34
Gujarat,2003,Murder - Total Victims,3. Total,83,1081
Haryana,2003,Murder - Total Victims,3. Total,24,724
Himachal Pradesh,2003,Murder - Total Victims,3. Total,9,121
Jammu & Kashmir,2003,Murder - Total Victims,3. Total,0,1115
Jharkhand,2003,Murder - Total Victims,3. Total,12,1470
Karnataka,2003,Murder - Total Victims,3. Total,185,1391
Kerala,2003,Murder - Total Victims,3. Total,31,404
Madhya Pradesh,2003,Murder - Total Victims,3. Total,165,2062
Maharashtra,2003,Murder - Total Victims,3. Total,227,2724
Manipur,2003,Murder - Total Victims,3. Total,1,184
Meghalaya,2003,Murder - Total Victims,3. Total,14,161
Mizoram,2003,Murder - Total Victims,3. Total,5,41
Nagaland,2003,Murder - Total Victims,3. Total,0,91
Odisha,2003,Murder - Total Victims,3. Total,25,1077
Puducherry,2003,Murder - Total Victims,3. Total,2,28
Punjab,2003,Murder - Total Victims,3. Total,25,744
Rajasthan,2003,Murder - Total Victims,3. Total,26,1258
Sikkim,2003,Murder - Total Victims,3. Total,2,14
Tamil Nadu,2003,Murder - Total Victims,3. Total,62,1592
Tripura,2003,Murder - Total Victims,3. Total,0,254
Uttar Pradesh,2003,Murder - Total Victims,3. Total,472,4812
Uttarakhand,2003,Murder - Total Victims,3. Total,3,290
West Bengal,2003,Murder - Total Victims,3. Total,9,1455
Andaman & Nicobar Islands,2004,Murder - Total Victims,3. Total,1,14
Andhra Pradesh,2004,Murder - Total Victims,3. Total,89,2551
Arunachal Pradesh,2004,Murder - Total Victims,3. Total,0,67
Assam,2004,Murder - Total Victims,3. Total,1,1213
Bihar,2004,Murder - Total Victims,3. Total,21,3927
Chandigarh,2004,Murder - Total Victims,3. Total,3,19
Chhattisgarh,2004,Murder - Total Victims,3. Total,61,866
Dadra & Nagar Haveli,2004,Murder - Total Victims,3. Total,3,8
Daman & Diu,2004,Murder - Total Victims,3. Total,0,3
Delhi,2004,Murder - Total Victims,3. Total,77,433
Goa,2004,Murder - Total Victims,3. Total,2,40
Gujarat,2004,Murder - Total Victims,3. Total,103,1066
Haryana,2004,Murder - Total Victims,3. Total,23,719
Himachal Pradesh,2004,Murder - Total Victims,3. Total,9,101
Jammu & Kashmir,2004,Murder - Total Victims,3. Total,1,988
Jharkhand,2004,Murder - Total Victims,3. Total,12,1476
Karnataka,2004,Murder - Total Victims,3. Total,54,1513
Kerala,2004,Murder - Total Victims,3. Total,53,374
Madhya Pradesh,2004,Murder - Total Victims,3. Total,144,2236
Maharashtra,2004,Murder - Total Victims,3. Total,205,2572
Manipur,2004,Murder - Total Victims,3. Total,0,193
Meghalaya,2004,Murder - Total Victims,3. Total,1,156
Mizoram,2004,Murder - Total Victims,3. Total,0,35
Nagaland,2004,Murder - Total Victims,3. Total,0,73
Odisha,2004,Murder - Total Victims,3. Total,9,1128
Puducherry,2004,Murder - Total Victims,3. Total,1,24
Punjab,2004,Murder - Total Victims,3. Total,42,760
Rajasthan,2004,Murder - Total Victims,3. Total,21,1271
Sikkim,2004,Murder - Total Victims,3. Total,3,15
Tamil Nadu,2004,Murder - Total Victims,3. Total,83,1461
Tripura,2004,Murder - Total Victims,3. Total,5,221
Uttar Pradesh,2004,Murder - Total Victims,3. Total,681,5984
Uttarakhand,2004,Murder - Total Victims,3. Total,4,263
West Bengal,2004,Murder - Total Victims,3. Total,2,1431
Andaman & Nicobar Islands,2005,Murder - Total Victims,3. Total,1,14
Andhra Pradesh,2005,Murder - Total Victims,3. Total,87,2841
Arunachal Pradesh,2005,Murder - Total Victims,3. Total,0,81
Assam,2005,Murder - Total Victims,3. Total,13,1181
Bihar,2005,Murder - Total Victims,3. Total,37,3434
Chandigarh,2005,Murder - Total Victims,3. Total,3,15
Chhattisgarh,2005,Murder - Total Victims,3. Total,37,1013
Dadra & Nagar Haveli,2005,Murder - Total Victims,3. Total,2,5
Daman & Diu,2005,Murder - Total Victims,3. Total,1,4
Delhi,2005,Murder - Total Victims,3. Total,36,497
Goa,2005,Murder - Total Victims,3. Total,4,45
Gujarat,2005,Murder - Total Victims,3. Total,99,1004
Haryana,2005,Murder - Total Victims,3. Total,38,774
Himachal Pradesh,2005,Murder - Total Victims,3. Total,10,108
Jammu & Kashmir,2005,Murder - Total Victims,3. Total,4,742
Jharkhand,2005,Murder - Total Victims,3. Total,147,1376
Karnataka,2005,Murder - Total Victims,3. Total,47,1626
Kerala,2005,Murder - Total Victims,3. Total,69,362
Lakshadweep,2005,Murder - Total Victims,3. Total,0,1
Madhya Pradesh,2005,Murder - Total Victims,3. Total,150,2278
Maharashtra,2005,Murder - Total Victims,3. Total,242,2503
Manipur,2005,Murder - Total Victims,3. Total,3,292
Meghalaya,2005,Murder - Total Victims,3. Total,11,127
Mizoram,2005,Murder - Total Victims,3. Total,0,35
Nagaland,2005,Murder - Total Victims,3. Total,0,91
Odisha,2005,Murder - Total Victims,3. Total,10,1123
Puducherry,2005,Murder - Total Victims,3. Total,0,19
Punjab,2005,Murder - Total Victims,3. Total,26,718
Rajasthan,2005,Murder - Total Victims,3. Total,57,1189
Sikkim,2005,Murder - Total Victims,3. Total,1,8
Tamil Nadu,2005,Murder - Total Victims,3. Total,67,1444
Tripura,2005,Murder - Total Victims,3. Total,1,157
Uttar Pradesh,2005,Murder - Total Victims,3. Total,390,5975
Uttarakhand,2005,Murder - Total Victims,3. Total,6,284
West Bengal,2005,Murder - Total Victims,3. Total,2,1452
Andaman & Nicobar Islands,2006,Murder - Total Victims,3. Total,0,5
Andhra Pradesh,2006,Murder - Total Victims,3. Total,63,2877
Arunachal Pradesh,2006,Murder - Total Victims,3. Total,0,60
Assam,2006,Murder - Total Victims,3. Total,11,1196
Bihar,2006,Murder - Total Victims,3. Total,12,3237
Chandigarh,2006,Murder - Total Victims,3. Total,1,13
Chhattisgarh,2006,Murder - Total Victims,3. Total,48,1050
Dadra & Nagar Haveli,2006,Murder - Total Victims,3. Total,1,8
Daman & Diu,2006,Murder - Total Victims,3. Total,2,5
Delhi,2006,Murder - Total Victims,3. Total,66,422
Goa,2006,Murder - Total Victims,3. Total,2,38
Gujarat,2006,Murder - Total Victims,3. Total,110,1104
Haryana,2006,Murder - Total Victims,3. Total,30,869
Himachal Pradesh,2006,Murder - Total Victims,3. Total,5,124
Jammu & Kashmir,2006,Murder - Total Victims,3. Total,10,631
Jharkhand,2006,Murder - Total Victims,3. Total,139,1353
Karnataka,2006,Murder - Total Victims,3. Total,79,1598
Kerala,2006,Murder - Total Victims,3. Total,72,354
Madhya Pradesh,2006,Murder - Total Victims,3. Total,160,2170
Maharashtra,2006,Murder - Total Victims,3. Total,251,2710
Manipur,2006,Murder - Total Victims,3. Total,7,231
Meghalaya,2006,Murder - Total Victims,3. Total,7,150
Mizoram,2006,Murder - Total Victims,3. Total,0,25
Nagaland,2006,Murder - Total Victims,3. Total,9,114
Odisha,2006,Murder - Total Victims,3. Total,18,1149
Puducherry,2006,Murder - Total Victims,3. Total,1,29
Punjab,2006,Murder - Total Victims,3. Total,26,825
Rajasthan,2006,Murder - Total Victims,3. Total,77,1161
Sikkim,2006,Murder - Total Victims,3. Total,4,17
Tamil Nadu,2006,Murder - Total Victims,3. Total,70,1348
Tripura,2006,Murder - Total Victims,3. Total,3,162
Uttar Pradesh,2006,Murder - Total Victims,3. Total,426,5336
Uttarakhand,2006,Murder - Total Victims,3. Total,10,275
West Bengal,2006,Murder - Total Victims,3. Total,3,1439
Andaman & Nicobar Islands,2007,Murder - Total Victims,3. Total,0,15
Andhra Pradesh,2007,Murder - Total Victims,3. Total,108,2742
Arunachal Pradesh,2007,Murder - Total Victims,3. Total,0,68
Assam,2007,Murder - Total Victims,3. Total,2,1372
Bihar,2007,Murder - Total Victims,3. Total,95,2986
Chandigarh,2007,Murder - Total Victims,3. Total,2,18
Chhattisgarh,2007,Murder - Total Victims,3. Total,45,1052
Dadra & Nagar Haveli,2007,Murder - Total Victims,3. Total,1,9
Daman & Diu,2007,Murder - Total Victims,3. Total,2,10
Delhi,2007,Murder - Total Victims,3. Total,57,454
Goa,2007,Murder - Total Victims,3. Total,2,32
Gujarat,2007,Murder - Total Victims,3. Total,104,1110
Haryana,2007,Murder - Total Victims,3. Total,99,843
Himachal Pradesh,2007,Murder - Total Victims,3. Total,10,122
Jammu & Kashmir,2007,Murder - Total Victims,3. Total,0,366
Jharkhand,2007,Murder - Total Victims,3. Total,25,1592
Karnataka,2007,Murder - Total Victims,3. Total,53,1533
Kerala,2007,Murder - Total Victims,3. Total,53,340
Madhya Pradesh,2007,Murder - Total Victims,3. Total,160,2155
Maharashtra,2007,Murder - Total Victims,3. Total,250,2543
Manipur,2007,Murder - Total Victims,3. Total,8,287
Meghalaya,2007,Murder - Total Victims,3. Total,12,102
Mizoram,2007,Murder - Total Victims,3. Total,3,40
Nagaland,2007,Murder - Total Victims,3. Total,3,115
Odisha,2007,Murder - Total Victims,3. Total,33,1202
Puducherry,2007,Murder - Total Victims,3. Total,3,32
Punjab,2007,Murder - Total Victims,3. Total,33,793
Rajasthan,2007,Murder - Total Victims,3. Total,89,1270
Sikkim,2007,Murder - Total Victims,3. Total,1,8
Tamil Nadu,2007,Murder - Total Victims,3. Total,68,1643
Tripura,2007,Murder - Total Victims,3. Total,11,139
Uttar Pradesh,2007,Murder - Total Victims,3. Total,397,4785
Uttarakhand,2007,Murder - Total Victims,3. Total,14,254
West Bengal,2007,Murder - Total Victims,3. Total,15,1638
Andaman & Nicobar Islands,2008,Murder - Total Victims,3. Total,2,6
Andhra Pradesh,2008,Murder - Total Victims,3. Total,121,2641
Arunachal Pradesh,2008,Murder - Total Victims,3. Total,0,72
Assam,2008,Murder - Total Victims,3. Total,1,1425
Bihar,2008,Murder - Total Victims,3. Total,116,3023
Chandigarh,2008,Murder - Total Victims,3. Total,0,17
Chhattisgarh,2008,Murder - Total Victims,3. Total,98,1071
Dadra & Nagar Haveli,2008,Murder - Total Victims,3. Total,1,8
Daman & Diu,2008,Murder - Total Victims,3. Total,0,2
Delhi,2008,Murder - Total Victims,3. Total,51,538
Goa,2008,Murder - Total Victims,3. Total,3,50
Gujarat,2008,Murder - Total Victims,3. Total,66,1079
Haryana,2008,Murder - Total Victims,3. Total,31,939
Himachal Pradesh,2008,Murder - Total Victims,3. Total,14,116
Jammu & Kashmir,2008,Murder - Total Victims,3. Total,0,266
Jharkhand,2008,Murder - Total Victims,3. Total,11,1686
Karnataka,2008,Murder - Total Victims,3. Total,167,1633
Kerala,2008,Murder - Total Victims,3. Total,49,330
Lakshadweep,2008,Murder - Total Victims,3. Total,0,1
Madhya Pradesh,2008,Murder - Total Victims,3. Total,107,2244
Maharashtra,2008,Murder - Total Victims,3. Total,200,2776
Manipur,2008,Murder - Total Victims,3. Total,12,256
Meghalaya,2008,Murder - Total Victims,3. Total,0,126
Mizoram,2008,Murder - Total Victims,3. Total,0,35
Nagaland,2008,Murder - Total Victims,3. Total,0,147
Odisha,2008,Murder - Total Victims,3. Total,13,1237
Puducherry,2008,Murder - Total Victims,3. Total,1,34
Punjab,2008,Murder - Total Victims,3. Total,32,783
Rajasthan,2008,Murder - Total Victims,3. Total,93,1227
Sikkim,2008,Murder - Total Victims,3. Total,2,7
Tamil Nadu,2008,Murder - Total Victims,3. Total,100,1724
Tripura,2008,Murder - Total Victims,3. Total,20,146
Uttar Pradesh,2008,Murder - Total Victims,3. Total,376,4323
Uttarakhand,2008,Murder - Total Victims,3. Total,3,258
West Bengal,2008,Murder - Total Victims,3. Total,21,1790
Andaman & Nicobar Islands,2009,Murder - Total Victims,3. Total,3,15
Andhra Pradesh,2009,Murder - Total Victims,3. Total,77,2398
Arunachal Pradesh,2009,Murder - Total Victims,3. Total,0,59
Assam,2009,Murder - Total Victims,3. Total,4,1319
Bihar,2009,Murder - Total Victims,3. Total,126,3053
Chandigarh,2009,Murder - Total Victims,3. Total,1,21
Chhattisgarh,2009,Murder - Total Victims,3. Total,84,999
Dadra & Nagar Haveli,2009,Murder - Total Victims,3. Total,1,9
Daman & Diu,2009,Murder - Total Victims,3. Total,0,5
Delhi,2009,Murder - Total Victims,3. Total,81,490
Goa,2009,Murder - Total Victims,3. Total,4,53
Gujarat,2009,Murder - Total Victims,3. Total,79,980
Haryana,2009,Murder - Total Victims,3. Total,19,988
Himachal Pradesh,2009,Murder - Total Victims,3. Total,9,124
Jammu & Kashmir,2009,Murder - Total Victims,3. Total,4,258
Jharkhand,2009,Murder - Total Victims,3. Total,11,1625
Karnataka,2009,Murder - Total Victims,3. Total,63,1689
Kerala,2009,Murder - Total Victims,3. Total,59,310
Madhya Pradesh,2009,Murder - Total Victims,3. Total,127,2275
Maharashtra,2009,Murder - Total Victims,3. Total,206,2506
Manipur,2009,Murder - Total Victims,3. Total,10,164
Meghalaya,2009,Murder - Total Victims,3. Total,8,120
Mizoram,2009,Murder - Total Victims,3. Total,0,31
Nagaland,2009,Murder - Total Victims,3. Total,0,49
Odisha,2009,Murder - Total Victims,3. Total,13,1253
Puducherry,2009,Murder - Total Victims,3. Total,1,38
Punjab,2009,Murder - Total Victims,3. Total,82,779
Rajasthan,2009,Murder - Total Victims,3. Total,97,1320
Sikkim,2009,Murder - Total Victims,3. Total,3,17
Tamil Nadu,2009,Murder - Total Victims,3. Total,105,1752
Tripura,2009,Murder - Total Victims,3. Total,18,130
Uttar Pradesh,2009,Murder - Total Victims,3. Total,372,4307
Uttarakhand,2009,Murder - Total Victims,3. Total,5,190
West Bengal,2009,Murder - Total Victims,3. Total,23,2138
Andaman & Nicobar Islands,2010,Murder - Total Victims,3. Total,2,8
Andhra Pradesh,2010,Murder - Total Victims,3. Total,69,2469
Arunachal Pradesh,2010,Murder - Total Victims,3. Total,0,75
Assam,2010,Murder - Total Victims,3. Total,10,1213
Bihar,2010,Murder - Total Victims,3. Total,202,3160
Chandigarh,2010,Murder - Total Victims,3. Total,1,21
Chhattisgarh,2010,Murder - Total Victims,3. Total,95,970
Dadra & Nagar Haveli,2010,Murder - Total Victims,3. Total,0,6
Daman & Diu,2010,Murder - Total Victims,3. Total,0,5
Delhi,2010,Murder - Total Victims,3. Total,39,538
Goa,2010,Murder - Total Victims,3. Total,1,34
Gujarat,2010,Murder - Total Victims,3. Total,71,1011
Haryana,2010,Murder - Total Victims,3. Total,30,1014
Himachal Pradesh,2010,Murder - Total Victims,3. Total,8,125
Jammu & Kashmir,2010,Murder - Total Victims,3. Total,1,234
Jharkhand,2010,Murder - Total Victims,3. Total,8,1744
Karnataka,2010,Murder - Total Victims,3. Total,60,1818
Kerala,2010,Murder - Total Victims,3. Total,49,356
Madhya Pradesh,2010,Murder - Total Victims,3. Total,144,2297
Maharashtra,2010,Murder - Total Victims,3. Total,237,2600
Manipur,2010,Murder - Total Victims,3. Total,2,99
Meghalaya,2010,Murder - Total Victims,3. Total,2,135
Mizoram,2010,Murder - Total Victims,3. Total,2,46
Nagaland,2010,Murder - Total Victims,3. Total,0,47
Odisha,2010,Murder - Total Victims,3. Total,12,1307
Puducherry,2010,Murder - Total Victims,3. Total,0,34
Punjab,2010,Murder - Total Victims,3. Total,48,897
Rajasthan,2010,Murder - Total Victims,3. Total,93,1328
Sikkim,2010,Murder - Total Victims,3. Total,3,14
Tamil Nadu,2010,Murder - Total Victims,3. Total,92,1816
Tripura,2010,Murder - Total Victims,3. Total,2,157
Uttar Pradesh,2010,Murder - Total Victims,3. Total,346,4110
Uttarakhand,2010,Murder - Total Victims,3. Total,3,173
West Bengal,2010,Murder - Total Victims,3. Total,16,2399
